cause,cause_corrected,synonym,nesting_cause
abcess,Abcess,Abcess,all
Abcess,Abcess,Abcess,all
Abcess and Imposthume,Abcess And Imposthume,Abcess And Imposthume,all
abdominal.tuberculosis,Abdominal Tuberculosis,Abdominal Tuberculosis,Tubercular Diseases
abdominal tuberculosis,Abdominal Tuberculosis,Abdominal Tuberculosis,Tubercular Diseases
abortion,Abortion,Abortion,all
abortive,Abortive,Abortive,all
Abortive,Abortive,Abortive,all
Abortive and Stillborn,Abortive And Stillborn,Abortive And Stillborn,all
abscess,Abscess,Abscess,all
accident,Accident,Accidents,all
accident.or.negligence.burns.and.scalds,Accident Or Negligence Burns And Scalds,Accident Or Negligence Burns And Scalds,all
accident.or.negligence.burns.scalds,Accident Or Negligence Burns Scalds,Accident Or Negligence Burns Scalds,all
accident.or.negligence.drowning,Accident Or Negligence Drowning,Accident Or Negligence Drowning,all
accident.or.negligence.fractures.and.contusions,Accident Or Negligence Fractures And Contusions,Accident Or Negligence Fractures And Contusions,all
accident.or.negligence.otherwise,Accident Or Negligence Otherwise,Accident Or Negligence Otherwise,all
accident.or.negligence.poison,Accident Or Negligence Poison,Accident Or Negligence Poison,all
accident.or.negligence.suffocation,Accident Or Negligence Suffocation,Accident Or Negligence Suffocation,all
accident.or.negligence.wounds,Accident Or Negligence Wounds,Accident Or Negligence Wounds,all
accidental.burns.and.scalds,Accidental Burns And Scalds,Accidental Burns And Scalds,all
accidental.drowning,Accidental Drowning,Accidental Drowning,all
accidental.fractures.and.contusions,Accidental Fractures And Contusions,Accidental Fractures And Contusions,all
accidental.otherwise,Accidental Otherwise,Accidental Otherwise,all
accidental.poison,Accidental Poison,Accidental Poison,all
accidental.suffocation,Accidental Suffocation,Accidental Suffocation,all
accidental.wounds,Accidental Wounds,Accidental Wounds,all
accidental.wounds.cut.stab,Accidental Wounds Cut Stab,Accidental Wounds Cut Stab,all
accidental.wounds.gunshot,Accidental Wounds Gunshot,Accidental Wounds Gunshot,all
Accidents,Accidents,Accidents,all
acute.endocarditis,Acute Endocarditis,Acute Endocarditis,all
acute endocarditis,Acute Endocarditis,Acute Endocarditis,all
acute.infectious.encephalitis,Acute Infectious Encephalitis,Acute Infectious Encephalitis,all
acute.infective.encephalitis.lethargic,Acute Infective Encephalitis Lethargic,Acute Infective Encephalitis Lethargic,all
acute.nephritis,Acute Nephritis,Acute Nephritis,Nephritis
acute.poliomyelitis.polioencephalitis,Acute Poliomyelitis Polioencephalitis,Acute Poliomyelitis Polioencephalitis,all
acute.poliomyencephalitis,Acute Poliomyencephalitis,Acute Poliomyencephalitis,all
Age and Debility,Age And Debility,Age And Debility,all
aged,Aged,Aged,all
Aged,Aged,Aged,all
ague,Ague,Ague,Zymotic Diseases
Ague,Ague,Ague,Zymotic Diseases
alchoholism.del.tremens,Alchoholism Del Tremens,Alchoholism Del Tremens,all
alchoholism.intemperance,Alchoholism Intemperance,Alcoholism Intemperance,all
alcoholism,Alcoholism,Alcoholism,all
alcoholism.del.tremens,Alcoholism Del Tremens,Alcoholism Del Tremens,all
alcoholism.del.tremens.,Alcoholism Del Tremens,Alcoholism Del Tremens,all
alcoholism.intemperance,Alcoholism Intemperance,Alcoholism Intemperance,all
alcoholism.intemperance.,Alcoholism Intemperance,Alcoholism Intemperance,all
all,All,All,all
all.violence,All Violence,All Violence,all
amputation,Amputation,Amputation,all
Amputation [...],Amputation,Amputation,all
anaemia.leucocythamia,Anaemia Leucocythamia,Anaemia Leucocythamia,all
anaemias,Anaemias,Anaemias,all
aneurism,Aneurism,Aneurism,Diseases Of The Heart And Blood Vessels
apoplexie,Apoplexie,Apoplexy,Diseases Of The Brain Spinal Marrow Nerves And Senses
Apoplexie,Apoplexie,Apoplexy,Diseases Of The Brain Spinal Marrow Nerves And Senses
apoplexy,Apoplexy,Apoplexy,Diseases Of The Brain Spinal Marrow Nerves And Senses
Apoplexy,Apoplexy,Apoplexy,Diseases Of The Brain Spinal Marrow Nerves And Senses
Apoplexy and Suddenly,Apoplexy And Suddenly,Apoplexy And Suddenly,all
apopolexy,Apopolexy,Apopolexy,Diseases Of The Brain Spinal Marrow Nerves And Senses
appendicitis,Appendicitis,Appendicitis,all
appendicitis.typhlitis,Appendicitis Typhlitis,Appendicitis Typhlitis,all
arthritis,Arthritis,Arthritis,Rheumatism Diseases Of The Bones Joints Etc
ascites,Ascites,Ascites,Diseases Of The Stomach Liver And Other Organs Of Digestion
asiatic.cholera,Asiatic Cholera,Asiatic Cholera,Cholera
asthma,Asthma,Asthma,Diseases Of The Lungs And Of The Other Organs Of Respiration
Asthma,Asthma,Asthma,Diseases Of The Lungs And Of The Other Organs Of Respiration
Asthma and Tissick,Asthma And Tissick,Asthma And Tissick,all
Astma,Astma,Asthma,Diseases Of The Lungs And Of The Other Organs Of Respiration
atrophy,Atrophy,Atrophy,all
atrophy.and.debility,Atrophy And Debility,Atrophy And Debility,all
beaten,Beaten,Beaten,all
Beaten [...],Beaten,Beaten,all
bedridden,Bedridden,Bedridden,all
Bedridden,Bedridden,Bedridden,all
benign.and.unspecified.neoplasms,Benign And Unspecified Neoplasms,Benign And Unspecified Neoplasms,all
bile,Bile,Bile,all
Bile,Bile,Bile,all
birth.injuries.asphyxia.atelectasis,Birth Injuries Asphyxia Atelectasis,Birth Injuries Asphyxia Atelectasis,all
bite.of.a.mad.dog,Bite Of A Mad Dog,Bite Of A Mad Dog,all
Bitten [...],Bitten,Bitten,all
bitten.by.a.dog,Bitten By A Dog,Bitten By A Dog,all
Black Cataract,Black Cataract,Black Cataract,all
black.catercick,Black Catercick,Black Cateract,all
Black Caterick,Black Caterick,Black Cateract,all
Black Jaundice,Black Jaundice,Black Jaundice,all
black.jaundices,Black Jaundices,Black Jaundice,all
Black Jaundies,Black Jaundies,Black Jaundice,all
black.thrufh,Black Thrufh,Black Thrush,all
Black Thrush,Black Thrush,Black Thrush,all
blasted,Blasted,Blasted,all
Blasted,Blasted,Blasted,all
Bleach,Bleach,Bleach,all
bled.to.death,Bled To Death,Bleeding,all
bleeding,Bleeding,Bleeding,all
Bleeding,Bleeding,Bleeding,all
Bleeding [...],Bleeding,Bleeding,all
bloody.flux,Bloody Flux,Bloody Flux,all
Bloody Flux,Bloody Flux,Bloody Flux,all
Bloody Flux and Flux,Bloody Flux And Flux,Bloody Flux And Flux,all
blown.up,Blown Up,Blown Up,all
Blown up [...],Blown Up,Blown Up,all
blown.up.with.gun.powder,Blown Up With Gun Powder,Blown Up With Gun Powder,all
blown.up.with.gun-powder,Blown Up With Gun-Powder,Blown Up With Gun Powder,all
Bone in the heart,Bone In The Heart,Bone In The Heart,all
brain.disease,Brain Disease,Brain Disease,all
brain.disease.&.c,Brain Disease & C,Brain Disease,all
brain.fever,Brain Fever,Brain Fever,all
Brain Fever,Brain Fever,Brain Fever,all
Breaking of the Gall,Breaking Of The Gall,Breaking Of The Gall,all
brights.disease,Brights Disease,Brights Disease,Diseases Of The Kidneys Etc
brights.disease.(nephria),Brights Disease (Nephria),Brights Disease Nephria,Diseases Of The Kidneys Etc
brights.disease.nephria,Brights Disease Nephria,Brights Disease Nephria,Diseases Of The Kidneys Etc
brights.disease.or.nephria,Brights Disease Or Nephria,Brights Disease Nephria,Diseases Of The Kidneys Etc
broke.a.bloodvessel,Broke A Bloodvessel,Broke A Bloodvessel,all
Broke neck [...],Broke Neck,Broke Neck,all
Broke skull [...],Broke Skull,Broke Skull,all
broken.arm,Broken Arm,Broken Arm,all
Broken arm,Broken Arm,Broken Arm,all
Broken arm [...],Broken Arm,Broken Arm,all
Broken Back,Broken Back,Broken Back,all
Broken Bones,Broken Bones,Broken Bones,all
broken.heart,Broken Heart,Broken Heart,all
Broken Heart,Broken Heart,Broken Heart,all
broken.jaw,Broken Jaw,Broken Jaw,all
Broken jaw,Broken Jaw,Broken Jaw,all
Broken Knee,Broken Knee,Broken Knee,all
broken.leg,Broken Leg,Broken Leg,all
Broken leg,Broken Leg,Broken Leg,all
Broken legge,Broken Legge,Broken Leg,all
Broken limbs,Broken Limbs,Broken Limbs,all
broken.neck,Broken Neck,Broken Neck,all
Broken neck [...],Broken Neck,Broken Neck,all
broken.ribs,Broken Ribs,Broken Ribs,all
Broken Ribs,Broken Ribs,Broken Ribs,all
broken.skull,Broken Skull,Broken Skull,all
Broken skull [...],Broken Skull,Broken Skull,all
broken.thigh,Broken Thigh,Broken Thigh,all
Broken thigh,Broken Thigh,Broken Thigh,all
bronchitis,Bronchitis,Bronchitis,Diseases Of The Lungs And Of The Other Organs Of Respiration
broncho.pneumonia,Broncho Pneumonia,Broncho Pneumonia,Pneumonia
bruise.in.the.head,Bruise In The Head,Bruise In The Head,all
bruised,Bruised,Bruised,all
Bruised,Bruised,Bruised,all
Bruised [...],Bruised,Bruised,all
burns.and.scalds,Burns And Scalds,Burns And Scalds,Violence Privation Cold And Intemperance
burnt,Burnt,Burnt,all
Burnt [...],Burnt,Burnt,all
Bursen,Bursen,Bursten,all
bursten,Bursten,Bursten,all
Bursten,Bursten,Bursten,all
Bursten and Rupture,Bursten And Rupture,Bursten And Rupture,all
cairous.spine,Cairous Spine,Carious Spine,all
Cairous Spine,Cairous Spine,Carious Spine,all
calculus.(stone),Calculus (Stone),Calculus Stone,all
calculus.or.stone,Calculus Or Stone,Calculus Stone,all
calculus.stone,Calculus Stone,Calculus Stone,all
calenture,Calenture,Calenture,all
Calenture,Calenture,Calenture,all
cancer,Cancer,Cancer,all
Cancer,Cancer,Cancer,all
Cancer and Canker,Cancer And Canker,Cancer And Canker,all
cancer.breast,Cancer Breast,Cancer Breast,all
cancer.buccal.cavity.and.oesophagus,Cancer Buccal Cavity And Oesophagus,Cancer Buccal Cavity And Oesophagus,all
Cancer in the Breast,Cancer In The Breast,Cancer In The Breast,all
cancer.in.the.womb,Cancer In The Womb,Cancer In The Womb,all
Cancer in the Womb,Cancer In The Womb,Cancer In The Womb,all
cancer.other.sites,Cancer Other Sites,Cancer Other Sites,all
cancer.respiratory.system,Cancer Respiratory System,Cancer Respiratory System,all
cancer.stomach.and.duodenum,Cancer Stomach And Duodenum,Cancer Stomach And Duodenum,all
cancer.uterus,Cancer Uterus,Cancer Uterus,all
cancrum.oris.(noma),Cancrum Oris (Noma),Cancrum Oris Or Noma,Zymotic Diseases
cancrum.oris.or.noma,Cancrum Oris Or Noma,Cancrum Oris Or Noma,Zymotic Diseases
Canine Madness,Canine Madness,Canine Madness,all
canine.madness.might.mean.rabies,Canine Madness Might Mean Rabies,Canine Madness,all
canker,Canker,Canker,Zymotic Diseases
Canker,Canker,Canker,Zymotic Diseases
carbuncle,Carbuncle,Carbuncle,Diseases Of The Skin Cellular Tissue Etc
Carbuncle,Carbuncle,Carbuncle,Diseases Of The Skin Cellular Tissue Etc
Carious Breast Bone,Carious Breast Bone,Carious Breast Bone,all
Carious Spine,Carious Spine,Carious Spine,all
cast.self.off.roof.top.window,Cast Self Off Roof Top Window,Cast Self Off Roof Top Window,all
casualties,Casualties,Casualties,all
catarrh,Catarrh,Catarrh,all
Catarrh,Catarrh,Catarrh,all
catarrhal pneumonia,Catarrhal Pneumonia,Catarrhal Pneumonia,Pneumonia
catarrhal.pneumonia,Catarrhal Pneumonia,Catarrhal Pneumonia,Pneumonia
Cauker,Cauker,Cauker,all
causes.not.specified,Causes Not Specified,Causes Not Specified,all
causes.not.specified.or.ill.defined,Causes Not Specified Or Ill Defined,Causes Not Specified,all
cephalitis,Cephalitis,Cephalitis,Diseases Of The Brain Spinal Marrow Nerves And Senses
cerebral.haemorrhage.and.apoplexy,Cerebral Haemorrhage And Apoplexy,Cerebral Haemorrhage And Apoplexy,all
cerebral.haemorrhage.apoplexy,Cerebral Haemorrhage Apoplexy,Cerebral Haemorrhage And Apoplexy,all
cerebral haemorrhage apoplexy,Cerebral Haemorrhage Apoplexy,Cerebral Haemorrhage And Apoplexy,all
cerebral.vascular.lesions,Cerebral Vascular Lesions,Cerebral Vascular Lesions,all
cerebro.spinal.fever,Cerebro Spinal Fever,Cerebro Spinal Fever,all
chicken.pox,Chicken Pox,Chicken Pox,all
Chicken Pox,Chicken Pox,Chicken Pox,all
child.birth,Child Birth,Childbirth,Childbirth Diseases Of The Uterus Etc
childbed,Childbed,Childbed,Childbirth
Childbed,Childbed,Childbed,Childbirth
childbirth,Childbirth,Childbirth,Childbirth Diseases Of The Uterus Etc
Childbirth,Childbirth,Childbirth,Childbirth Diseases Of The Uterus Etc
Chin Cough,Chin Cough,Chincough,all
Chin-cough,Chin-Cough,Chincough,all
chincough,Chincough,Chincough,all
Chincough,Chincough,Chincough,all
choked,Choked,Choked,all
Choked [...],Choked,Choked,all
choked.with.fat,Choked With Fat,Choked With Fat,all
cholera,Cholera,Cholera,Zymotic Diseases
Cholera,Cholera,Cholera,Zymotic Diseases
Cholera Morbus,Cholera Morbus,Cholera Morbus,all
chorea,Chorea,Chorea,Diseases Of The Brain Spinal Marrow Nerves And Senses
Chrisomes,Chrisomes,Chrisoms,all
chrisoms,Chrisoms,Chrisoms,all
Chrisoms,Chrisoms,Chrisoms,all
chronic.and.unspecified.nephritis,Chronic And Unspecified Nephritis,Chronic And Unspecified Nephritis,Nephritis
chronic.brights.disease,Chronic Brights Disease,Chronic Brights Disease,all
chronic.brights.diseases,Chronic Brights Diseases,Chronic Brights Diseases,all
chronic.endocarditis,Chronic Endocarditis,Chronic Endocarditis,all
chronic.poisining,Chronic Poisining,Chronic Poisining,all
chronic.poisoned,Chronic Poisoned,Chronic Poisoning,all
chronic.rheumatic.heart.disease,Chronic Rheumatic Heart Disease,Chronic Rheumatic Heart Disease,Rheumatic Fever
cirrhosis.of.liver,Cirrhosis Of Liver,Cirrhosis Of Liver,all
cold,Cold,Cold,Violence Privation Cold And Intemperance
Cold,Cold,Cold,Violence Privation Cold And Intemperance
Colds,Colds,Cold,Violence Privation Cold And Intemperance
Colic,Colic,Colic,all
Colic Gripes and Twisting of the gut,Colic Gripes And Twisting Of The Gut,Colic Gripes And Twisting Of The Gut,all
colick,Colick,Colic,all
Colick Gripes and Twisting of the gut,Colick Gripes And Twisting Of The Gut,Colic Gripes And Twisting Of The Gut,all
Collick,Collick,Colic,all
Concusion [...],Concusion,Concussion,all
concusion.in.the.brain,Concusion In The Brain,Concussion,all
Concussion [...],Concussion,Concussion,all
congenital.debility.atrophy,Congenital Debility Atrophy,Congenital Debility Atrophy,all
congenital.malformations,Congenital Malformations,Congenital Malformations,all
congenital.malformations.and.infantile.diseases,Congenital Malformations And Infantile Diseases,Congenital Malformations And Infantile Diseases,all
constipation.of.the.bowels,Constipation Of The Bowels,Constipation Of The Bowels,all
Constipation of the Bowels,Constipation Of The Bowels,Constipation Of The Bowels,all
consumption,Consumption,Consumption,Tubercular Diseases
Consumption,Consumption,Consumption,Tubercular Diseases
contasion,Contasion,Contusion,all
Contractio of the Heart,Contractio Of The Heart,Contraction Of The Heart,all
contraction.of.the.heart,Contraction Of The Heart,Contraction Of The Heart,all
Contraction of the Heart,Contraction Of The Heart,Contraction Of The Heart,all
Contusion,Contusion,Contusion,all
convulsion,Convulsion,Convulsions,Diseases Of The Brain Spinal Marrow Nerves And Senses
Convulsion,Convulsion,Convulsions,Diseases Of The Brain Spinal Marrow Nerves And Senses
convulsions,Convulsions,Convulsions,Diseases Of The Brain Spinal Marrow Nerves And Senses
Convulsions,Convulsions,Convulsions,Diseases Of The Brain Spinal Marrow Nerves And Senses
convulsions.not.puerperal,Convulsions Not Puerperal,Convulsions Not Puerperal,all
coronary.and.arterio.sclerotic.heart.disease,Coronary And Arterio Sclerotic Heart Disease,Coronary And Arterio Sclerotic Heart Disease,all
coronary.disease.angina.pectoris,Coronary Disease Angina Pectoris,Coronary Disease Angina Pectoris,all
cough,Cough,Cough,all
Cough,Cough,Cough,all
Cough and Hooping Cough,Cough And Hooping Cough,Cough And Whooping Cough,all
Cough and Whooping Cough,Cough And Whooping Cough,Cough And Whooping Cough,all
cow.pox,Cow Pox,Cow Pox,all
Cow Pox,Cow Pox,Cow Pox,all
cramp,Cramp,Cramp,all
Cramp,Cramp,Cramp,all
Crisomes,Crisomes,Crisomes,all
croup,Croup,Croup,Whooping Cough
Croup,Croup,Croup,Whooping Cough
croupous pneumonia,Croupous Pneumonia,Croupous Pneumonia,Pneumonia
croupous.pneumonia,Croupous Pneumonia,Croupous Pneumonia,Pneumonia
crushed,Crushed,Crushed,all
Cuntusion,Cuntusion,Contusion,all
cut.of.the.stone,Cut Of The Stone,Cut Of The Stone,all
Cut of the Stone,Cut Of The Stone,Cut Of The Stone,all
cut.off.leg,Cut Off Leg,Cut Off Leg,all
cut.off.leg.or.arm,Cut Off Leg Or Arm,Cut Off Leg Or Arm,all
cut.own.throat,Cut Own Throat,Cut Throat,all
Cut throat [...],Cut Throat,Cut Throat,all
cyanosis,Cyanosis,Cyanosis,all
cystitis,Cystitis,Cystitis,Diseases Of The Kidneys Etc
Dead Palsie,Dead Palsie,Dead Palsie,all
debility.atrophy,Debility Atrophy,Debility Atrophy,all
delerium.tremens,Delerium Tremens,Delirium Tremens,Diseases Of The Brain Spinal Marrow Nerves And Senses
delieium.tremens,Delieium Tremens,Delirium Tremens,Diseases Of The Brain Spinal Marrow Nerves And Senses
delirium.tremens,Delirium Tremens,Delirium Tremens,Diseases Of The Brain Spinal Marrow Nerves And Senses
dentition.or.teething,Dentition Or Teething,Dentition Or Teething,Diseases Of The Stomach Liver And Other Organs Of Digestion
Dentition or Teething,Dentition Or Teething,Dentition Or Teething,Diseases Of The Stomach Liver And Other Organs Of Digestion
despair,Despair,Despair,all
Despair,Despair,Despair,all
devoured.by.lice,Devoured By Lice,Devoured By Lice,all
Devoured by lice [...],Devoured By Lice,Devoured By Lice,all
diabetes,Diabetes,Diabetes,Diseases Of The Kidneys Etc
Diabetes,Diabetes,Diabetes,Diseases Of The Kidneys Etc
diabetes.mellitus,Diabetes Mellitus,Diabetes Mellitus,Diabetes
diarrhoea,Diarrhoea,Diarrhoea,Zymotic Diseases
Diarrhoea,Diarrhoea,Diarrhoea,Zymotic Diseases
diarrhoea.and.dysentery,Diarrhoea And Dysentery,Diarrhoea And Dysentery,all
diarrhoea.and.enteritis,Diarrhoea And Enteritis,Diarrhoea And Enteritis,Diseases Of The Stomach Liver And Other Organs Of Digestion
diarrhoea.of.newborn,Diarrhoea Of Newborn,Diarrhoea Of Newborn,all
Died[...],Died,Died,all
died.accidentally,Died Accidentally,Died Accidentally,all
died.by.fall,Died By Fall,Died By Fall,all
died.by.misfortune,Died By Misfortune,Died By Misfortune,all
Died by misfortune,Died By Misfortune,Died By Misfortune,all
died.in.the.street,Died In The Street,Died In The Street,all
died.of.strain,Died Of Strain,Died Of Strain,all
died.of.want,Died Of Want,Died Of Want,all
died.with.fat,Died With Fat,Died With Fat,all
diphtheria,Diphtheria,Diphtheria,all
diptheria,Diptheria,Diphtheria,all
disease.of.brain,Disease Of Brain,Disease Of Brain,Diseases Of The Brain Spinal Marrow Nerves And Senses
disease.of.heart,Disease Of Heart,Disease Of Heart,Diseases Of The Heart And Blood Vessels
disease.of.joints,Disease Of Joints,Disease Of Joints,Rheumatism Diseases Of The Bones Joints Etc
disease.of.kidneys,Disease Of Kidneys,Disease Of Kidneys,all
disease.of.liver,Disease Of Liver,Disease Of Liver,all
disease.of.lungs,Disease Of Lungs,Disease Of Lungs,Diseases Of The Lungs And Of The Other Organs Of Respiration
disease.of.lungs.etc,Disease Of Lungs Etc,Disease Of Lungs,Diseases Of The Lungs And Of The Other Organs Of Respiration
disease.of.lungs.etc.,Disease Of Lungs Etc,Disease Of Lungs,Diseases Of The Lungs And Of The Other Organs Of Respiration
disease.of.pancreas,Disease Of Pancreas,Disease Of Pancreas,Diseases Of The Stomach Liver And Other Organs Of Digestion
disease.of.skin,Disease Of Skin,Disease Of Skin,Diseases Of The Skin Cellular Tissue Etc
disease.of.spleen,Disease Of Spleen,Disease Of Spleen,Diseases Of The Stomach Liver And Other Organs Of Digestion
disease.of.stomach,Disease Of Stomach,Disease Of Stomach,Diseases Of The Stomach Liver And Other Organs Of Digestion
disease.of.the.ear.and.mastoid.antrum,Disease Of The Ear And Mastoid Antrum,Disease Of The Ear And Mastoid Antrum,all
disease.of.the.larynx,Disease Of The Larynx,Disease Of The Larynx,all
disease.of.the.liver,Disease Of The Liver,Disease Of Liver,Diseases Of The Stomach Liver And Other Organs Of Digestion
disease.of.uterus,Disease Of Uterus,Disease Of Uterus,Childbirth Diseases Of The Uterus Etc
Diseased Liver,Diseased Liver,Disease Of Liver,Diseases Of The Stomach Liver And Other Organs Of Digestion
diseases.of.pharynx.and.tonsils,Diseases Of Pharynx And Tonsils,Diseases Of Pharynx And Tonsils,all
diseases.of.the.blood,Diseases Of The Blood,Diseases Of The Blood,all
diseases.of.the.prostate,Diseases Of The Prostate,Diseases Of The Prostate,all
disseminated.tuberculosis,Disseminated Tuberculosis,Disseminated Tuberculosis,Tubercular Diseases
Distemper [...],Distemper,Distemper,all
distracted,Distracted,Distracted,all
Distracted,Distracted,Distracted,all
Dizziness,Dizziness,Dizziness,all
dropped.dead,Dropped Dead,Dropped Dead,all
dropsie,Dropsie,Dropsy,Dropsy Cancer And Other Diseases Of Uncertain Or Variable Seat
Dropsie,Dropsie,Dropsy,Dropsy Cancer And Other Diseases Of Uncertain Or Variable Seat
dropsy,Dropsy,Dropsy,Dropsy Cancer And Other Diseases Of Uncertain Or Variable Seat
Dropsy,Dropsy,Dropsy,Dropsy Cancer And Other Diseases Of Uncertain Or Variable Seat
dropsy.of.the.brain,Dropsy Of The Brain,Dropsy Of The Brain,Dropsy Cancer And Other Diseases Of Uncertain Or Variable Seat
Dropsy of the Brain,Dropsy Of The Brain,Dropsy Of The Brain,Dropsy Cancer And Other Diseases Of Uncertain Or Variable Seat
Dropsy of the brain,Dropsy Of The Brain,Dropsy Of The Brain,Dropsy Cancer And Other Diseases Of Uncertain Or Variable Seat
dropsy.of.the.chest,Dropsy Of The Chest,Dropsy Of The Chest,Dropsy Cancer And Other Diseases Of Uncertain Or Variable Seat
Dropsy of the Chest,Dropsy Of The Chest,Dropsy Of The Chest,Dropsy Cancer And Other Diseases Of Uncertain Or Variable Seat
Dropsy on the brain,Dropsy On The Brain,Dropsy Of The Brain,Dropsy Cancer And Other Diseases Of Uncertain Or Variable Seat
drowned,Drowned,Drowned,Violence Privation Cold And Intemperance
Drowned [...],Drowned,Drowned,Violence Privation Cold And Intemperance
drowning,Drowning,Drowned,Violence Privation Cold And Intemperance
dysentary,Dysentary,Dysentry,Zymotic Diseases
dysentery,Dysentery,Dysentry,Zymotic Diseases
dysentery.all.forms,Dysentery All Forms,Dysentery,Zymotic Diseases
dysentry,Dysentry,Dysentry,Zymotic Diseases
Dysentry,Dysentry,Dysentry,Zymotic Diseases
ear.ache,Ear Ache,Ear Ache,all
Ear-ach,Ear-Ach,Ear Ache,all
Earache,Earache,Ear Ache,all
eaten.by.lice,Eaten By Lice,Eaten By Lice,all
embolism.and.thrombosis.including.cerebral,Embolism And Thrombosis Including Cerebral,Embolism And Thrombosis Including Cerebral,all
encephalitis.lethargica,Encephalitis Lethargica,Encephalitis Lethargica,all
enlargement.of.the.heart,Enlargement Of The Heart,Enlargement Of The Heart,all
Enlargement of the Heart,Enlargement Of The Heart,Enlargement Of The Heart,all
enteric.fever,Enteric Fever,Enteric Fever,all
enteric fever,Enteric Fever,Enteric Fever,all
enteritis,Enteritis,Enteritis,Diseases Of The Stomach Liver And Other Organs Of Digestion
epidemic.diarrhoea,Epidemic Diarrhoea,Epidemic Diarrhoea,all
epidemical,Epidemical,Epidemical,all
epilepsie,Epilepsie,Epilepsy,Diseases Of The Brain Spinal Marrow Nerves And Senses
Epilepsie,Epilepsie,Epilepsy,Diseases Of The Brain Spinal Marrow Nerves And Senses
epilepsy,Epilepsy,Epilepsy,Diseases Of The Brain Spinal Marrow Nerves And Senses
Epilepsy,Epilepsy,Epilepsy,Diseases Of The Brain Spinal Marrow Nerves And Senses
eruption.in.the.bowels,Eruption In The Bowels,Eruption In The Bowels,all
Eruption in the Bowels,Eruption In The Bowels,Eruption In The Bowels,all
eruptive.disease,Eruptive Disease,Eruptive Diseases,all
Eruptive Diseases,Eruptive Diseases,Eruptive Diseases,all
Eryfipelas,Eryfipelas,Erysipelas,Zymotic Diseases
Eryfipelas or St. Anthony's Fire,Eryfipelas Or St  Anthony's Fire,Eryfipelas Or St  Anthony's Fire,Zymotic Diseases
erysipelas,Erysipelas,Erysipelas,Zymotic Diseases
Erysipelas,Erysipelas,Erysipelas,Zymotic Diseases
evil,Evil,Evil,all
Evil,Evil,Evil,all
Evill,Evill,Evil,all
excecution.hanging,Excecution Hanging,Excecution Hanging,all
excessive.drinking,Excessive Drinking,Excessive Drinking,all
Excessive Drinking,Excessive Drinking,Excessive Drinking,all
excessive.fat,Excessive Fat,Excessive Fat,all
Excessive Fat,Excessive Fat,Excessive Fat,all
executed,Executed,Executed,all
Executed,Executed,Executed,all
execution.hanging,Execution Hanging,Execution Hanging,all
exophthalmic.goitre,Exophthalmic Goitre,Exophthalmic Goitre,all
extremity.of.cold,Extremity Of Cold,Extremity Of Cold,all
falling.sickness,Falling Sickness,Falling Sickness,all
Falling Sickness,Falling Sickness,Falling Sickness,all
Fatigue,Fatigue,Fatigue,all
Feaver,Feaver,Fever,all
"Feaver, Intermittant or Ague","Feaver, Intermittant Or Ague","Fever, Intermittent Or Ague",all
"Feaver, Malignant Faver, Scarlet Fever, Spotted Feer and Purples","Feaver, Malignant Faver, Scarlet Fever, Spotted Feer And Purples","Fever, Malignant Fever, Scarlet Fever, Spotted Fever And Purples",all
"Feaver, Typhus","Feaver, Typhus","Fever, Typhus",all
Feavers,Feavers,Fever,all
fever,Fever,Fever,all
Fever,Fever,Fever,all
fever.intermittent.or.ague,Fever Intermittent Or Ague,"Fever, Intermittent Or Ague",all
"Fever, Intermittent or Ague","Fever, Intermittent Or Ague","Fever, Intermittent Or Ague",all
"Fever, Malignant Fever, Scarlet Fever, Spotted Fever and Purples","Fever, Malignant Fever, Scarlet Fever, Spotted Fever And Purples","Fever, Malignant Fever, Scarlet Fever, Spotted Fever And Purples",all
"Fever, Scarlet","Fever, Scarlet","Fever, Scarlet",all
"Fever, Typhus","Fever, Typhus","Fever, Typhus",all
fistula,Fistula,Fistula,all
Fistula,Fistula,Fistula,all
fits,Fits,Fits,all
Fits,Fits,Fits,all
Flox,Flox,Flox,all
flox.and.small.pox,Flox And Small Pox,Flox And Smallpox,Smallpox
flox.and.small-pox,Flox And Small-Pox,Flox And Smallpox,Smallpox
Flox and Small-pox,Flox And Small-Pox,Flox And Smallpox,Smallpox
Flox and Smallpox,Flox And Smallpox,Flox And Smallpox,Smallpox
flux,Flux,Flux,all
Flux,Flux,Flux,all
found.dead,Found Dead,Found Dead,all
Found dead [...],Found Dead,Found Dead,all
Fracture,Fracture,Fractured,Violence Privation Cold And Intemperance
Fracture in the nose,Fracture In The Nose,Fracture In The Nose,Fractured
Fractured,Fractured,Fractured,Violence Privation Cold And Intemperance
fractured.leg,Fractured Leg,Fractured Leg,Fractured
fractured.skull,Fractured Skull,Fractured Skull,Fractured
fractures,Fractures,Fractured,Violence Privation Cold And Intemperance
french.pox,French Pox,French Pox,all
French pox,French Pox,French Pox,all
French-pox,French-Pox,French Pox,all
frensie,Frensie,Frenzy,all
Frensie,Frensie,Frenzy,all
Frenzy,Frenzy,Frenzy,all
Frets,Frets,Frets,all
frighted,Frighted,Frighted,all
Frighted,Frighted,Frighted,all
Frightened,Frightened,Frighted,all
Frozen [...],Frozen,Frozen,all
frozen.to.death,Frozen To Death,Frozen,all
gangrene,Gangrene,Gangrene,all
Gangrene,Gangrene,Gangrene,all
gastritis,Gastritis,Gastritis,Diseases Of The Stomach Liver And Other Organs Of Digestion
gastritis.and.enteritis,Gastritis And Enteritis,Gastritis And Enteritis,Diseases Of The Stomach Liver And Other Organs Of Digestion
gastritis.and.enteritis.except.of.newborn,Gastritis And Enteritis Except Of Newborn,Gastritis And Enteritis Except Of Newborn,Diseases Of The Stomach Liver And Other Organs Of Digestion
glanders,Glanders,Glanders,all
goal.distemper,Goal Distemper,Jail Distemper,all
Goal Distermper,Goal Distermper,Jail Distemper,all
Goared [...],Goared,Goared,all
goared.by.an.ox,Goared By An Ox,Goared,all
Goat Distermper,Goat Distermper,Jail Distemper,all
Gored [...],Gored,Goared,all
gout,Gout,Gout,all
Gout,Gout,Gout,all
gouts,Gouts,Gout,all
Gowt,Gowt,Gout,all
gravel,Gravel,Gravel,all
Gravel,Gravel,Gravel,all
"Gravel, Stone and Strangury","Gravel, Stone And Strangury","Gravel, Stone And Strangury",all
Great Cold,Great Cold,Great Cold,all
great.cold.,Great Cold,Great Cold,all
green.sickness,Green Sickness,Green Sickness,all
Green Sickness,Green Sickness,Green Sickness,all
grief,Grief,Grief,all
Grief,Grief,Grief,all
Gripes,Gripes,Gripes,all
griping.in.guts,Griping In Guts,Griping In The Guts,all
Griping in the Guts,Griping In The Guts,Griping In The Guts,all
Guut,Guut,Gout,all
haemorrhage,Haemorrhage,Hemmorrhage,Dropsy Cancer And Other Diseases Of Uncertain Or Variable Seat
Haemorrhage,Haemorrhage,Hemmorrhage,Dropsy Cancer And Other Diseases Of Uncertain Or Variable Seat
hanged,Hanged,Hanged,all
Hanged [...],Hanged,Hanged,all
hanging.and.suffocation,Hanging And Suffocation,Hanging And Suffocation,Violence Privation Cold And Intemperance
hanging.suffocation,Hanging Suffocation,Hanging Suffocation,Violence Privation Cold And Intemperance
head.ache,Head Ache,Headache,all
head.mould.shot,Head Mould Shot,Headmouldshot,all
Head-mould-shot,Head-Mould-Shot,Headmouldshot,all
Headache,Headache,Headache,all
Headmouldshot,Headmouldshot,Headmouldshot,all
"Headmouldshot, Horseshoehead and Water in the Head","Headmouldshot, Horseshoehead And Water In The Head","Headmouldshot, Horseshoehead And Water In The Head",all
heart.disease,Heart Disease,Heart Disease,all
heart.disease.&.c,Heart Disease & C,Heart Disease,all
heart.disease.etc,Heart Disease Etc,Heart Disease Etc,all
heart.overgrown,Heart Overgrown,Heart Overgrown,all
Heart overgrown,Heart Overgrown,Heart Overgrown,all
"Heart, diseased","Heart, Diseased",Herat Disease,all
"Heart, diseases of","Heart, Diseases Of",Heart Disease,all
hectic.fever,Hectic Fever,Hectic Fever,all
Hectic Fever,Hectic Fever,Hectic Fever,all
hemmorrhage,Hemmorrhage,Hemmorrhage,all
hepatisis,Hepatisis,Hepatisis,Diseases Of The Stomach Liver And Other Organs Of Digestion
hepatitis,Hepatitis,Hepatitis,Diseases Of The Stomach Liver And Other Organs Of Digestion
hepatits,Hepatits,Hepatits,Diseases Of The Stomach Liver And Other Organs Of Digestion
hernia,Hernia,Hernia,Diseases Of The Stomach Liver And Other Organs Of Digestion
Hernia,Hernia,Hernia,Diseases Of The Stomach Liver And Other Organs Of Digestion
hernia.intestinal.obstruction,Hernia Intestinal Obstruction,Hernia Intestinal Obstruction,Diseases Of The Stomach Liver And Other Organs Of Digestion
Hiccough,Hiccough,Hiccough,all
hickcough,Hickcough,Hiccough,all
Hickcough,Hickcough,Hiccough,all
hicket,Hicket,Hiccough,all
Hicket,Hicket,Hiccough,all
Hidebound,Hidebound,Hidebound,all
hodgkins.disease,Hodgkins Disease,Hodgkins Disease,all
homicide.murder.and.manslaughter,Homicide Murder And Manslaughter,Homicide Murder And Manslaughter,all
hooping.cough,Hooping Cough,Whooping Cough,Zymotic Diseases
Hooping Cough,Hooping Cough,Whooping Cough,Zymotic Diseases
horse.shoo.head,Horse Shoo Head,Horseshoohead,all
Horse shoo-head,Horse Shoo-Head,Horseshoohead,all
Horseshoehead,Horseshoehead,Horseshoehead,all
hydrocephalus,Hydrocephalus,Hydrocephalus,all
hydrocephlus,Hydrocephlus,Hydrocephalus,all
hydrophobia,Hydrophobia,Hydrophobia,Zymotic Diseases
Hydrophobia,Hydrophobia,Hydrophobia,Zymotic Diseases
hyperplasia.of.prostate,Hyperplasia Of Prostate,Hyperplasia Of Prostate,all
hypertensio.without.mention.of.heart,Hypertensio Without Mention Of Heart,Hypertensio Without Mention Of Heart,all
hypertension.with.heart.disease,Hypertension With Heart Disease,Hypertension With Heart Disease,all
hystericks,Hystericks,Hysterics,all
Hystericks,Hystericks,Hysterics,all
Hysterics,Hysterics,Hysterics,all
ileus,Ileus,Ileus,Diseases Of The Stomach Liver And Other Organs Of Digestion
ill.defined.causes,Ill Defined Causes,Ill Defined Causes,all
imposthume,Imposthume,Imposthume,all
Imposthume,Imposthume,Imposthume,all
Imposthume [...],Imposthume,Imposthume,all
indigestion,Indigestion,Indigestion,all
Indigestion,Indigestion,Indigestion,all
infantile.fever,Infantile Fever,Infantile Fever,Zymotic Diseases
infants,Infants,Infants,all
Infants,Infants,Infants,all
inflamation,Inflamation,Inflammation,all
inflamation.of.brain,Inflamation Of Brain,Inflammation Of Brain,all
inflamation.of.lungs.&.pleura,Inflamation Of Lungs & Pleura,Inflammation Of Lungs & Pleura,Diseases Of The Lungs And Of The Other Organs Of Respiration
inflamation.of.the.bowels,Inflamation Of The Bowels,Inflammation Of The Bowels,all
inflamation.of.the.liver,Inflamation Of The Liver,Inflammation Of The Liver,all
inflamation.of.the.womb,Inflamation Of The Womb,Inflammation Of The Womb,all
Inflammation,Inflammation,Inflammation,all
Inflammation in the lungs,Inflammation In The Lungs,Inflammation In The Lungs,all
Inflammation in the Womb,Inflammation In The Womb,Inflammation In The Womb,all
Inflammation of the Bowels,Inflammation Of The Bowels,Inflammation Of The Bowels,all
Inflammation of the Bowels and Stomach,Inflammation Of The Bowels And Stomach,Inflammation Of The Bowels And Stomach,all
Inflammation of the Brain,Inflammation Of The Brain,Inflammation Of The Brain,all
Inflammation of the Liver,Inflammation Of The Liver,Inflammation Of The Liver,all
Inflammation of the lungs,Inflammation Of The Lungs,Inflammation Of The Lungs,all
Inflammation of the Lungs,Inflammation Of The Lungs,Inflammation Of The Lungs,all
Inflammation of the Lungs and Pleura,Inflammation Of The Lungs And Pleura,Inflammation Of The Lungs And Pleura,all
Inflammation of the Womb,Inflammation Of The Womb,Inflammation Of The Womb,all
influenza,Influenza,Influenza,Zymotic Diseases
Influenza,Influenza,Influenza,Zymotic Diseases
injury.at.birth,Injury At Birth,Injury At Birth,all
inoculation,Inoculation,Inoculation,all
Inoculation,Inoculation,Inoculation,all
Insane,Insane,Insanity,Diseases Of The Brain Spinal Marrow Nerves And Senses
insanity,Insanity,Insanity,Diseases Of The Brain Spinal Marrow Nerves And Senses
Insanity,Insanity,Insanity,Diseases Of The Brain Spinal Marrow Nerves And Senses
intemperance,Intemperance,Intemperance,Violence Privation Cold And Intemperance
intestinal.obstruction.and.hernia,Intestinal Obstruction And Hernia,Intestinal Obstruction And Hernia,all
intussusception,Intussusception,Intussusception,Diseases Of The Stomach Liver And Other Organs Of Digestion
intussuscepton,Intussuscepton,Intussuscepton,Diseases Of The Stomach Liver And Other Organs Of Digestion
ischuria,Ischuria,Ischuria,Diseases Of The Kidneys Etc
Issue,Issue,Issue,all
itch,Itch,Itch,all
Itch,Itch,Itch,all
jail.distemper,Jail Distemper,Jail Distemper,all
Jail Distemper,Jail Distemper,Jail Distemper,all
jaundice,Jaundice,Jaundice,Diseases Of The Stomach Liver And Other Organs Of Digestion
Jaundice,Jaundice,Jaundice,Diseases Of The Stomach Liver And Other Organs Of Digestion
jaundies,Jaundies,Jaundice,Diseases Of The Stomach Liver And Other Organs Of Digestion
Jaundies,Jaundies,Jaundice,Diseases Of The Stomach Liver And Other Organs Of Digestion
Jaw Falne,Jaw Falne,Jawfallen,all
jawfallen,Jawfallen,Jawfallen,all
Jawfallen,Jawfallen,Jawfallen,all
jawfalne,Jawfalne,Jawfallen,all
joint.disease,Joint Disease,Joint Disease,all
joint.disease.&.c,Joint Disease & C,Joint Disease,all
joint.disease.other,Joint Disease Other,Joint Disease Other,all
kidney.disease,Kidney Disease,Kidney Disease,all
kidney.disease.&.c,Kidney Disease & C,Kidney Disease,all
kidney.disease.other,Kidney Disease Other,Kidney Disease Other,all
killed,Killed,Killed,all
Killed [...],Killed,Killed,all
killed.accidentally,Killed Accidentally,Killed,all
kingsevil,Kingsevil,Kingsevil,all
Kingsevil,Kingsevil,Kingsevil,all
lameness,Lameness,Lameness,all
Lameness,Lameness,Lameness,all
lameness.in.the.limbs,Lameness In The Limbs,Lameness,all
laryngitis,Laryngitis,Laryngitis,Diseases Of The Lungs And Of The Other Organs Of Respiration
Leprosie,Leprosie,Leprosy,all
leprosy,Leprosy,Leprosy,all
Leprosy,Leprosy,Leprosy,all
lethargy,Lethargy,Lethargy,all
Lethargy,Lethargy,Lethargy,all
leukaemia.aleukaemia,Leukaemia Aleukaemia,Leukaemia Aleukaemia,all
liver.complaint,Liver Complaint,Liver Complaint,all
Liver complaint,Liver Complaint,Liver Complaint,all
liver.disease,Liver Disease,Liver Disease,all
liver.disease.&.c,Liver Disease & C,Liver Disease,all
liver.disease.other,Liver Disease Other,Liver Disease Other,all
"Liver, diseased","Liver, Diseased",Liver Disease,all
"Liver, diseases of","Liver, Diseases Of",Liver Disease,all
Livergrown,Livergrown,Livergrown,all
livergrowns,Livergrowns,Livergrown,all
lobar.pneumonia,Lobar Pneumonia,Lobar Pneumonia,Pneumonia
lock.jaw,Lock Jaw,Lockjaw,all
Lock-Jaw,Lock-Jaw,Lockjaw,all
Locked Jaw,Locked Jaw,Lockjaw,all
Lockjaw,Lockjaw,Lockjaw,all
looseness,Looseness,Looseness,all
Looseness,Looseness,Looseness,all
lumbago,Lumbago,Lumbago,all
Lumbago,Lumbago,Lumbago,all
Lunatic,Lunatic,Lunatic,all
Lunatick,Lunatick,Lunatic,all
lunatique,Lunatique,Lunatic,all
lung.disease,Lung Disease,Lung Disease,all
lung.disease.&.c,Lung Disease & C,Lung Disease,all
malformation,Malformation,Malformation,all
malignant.fever,Malignant Fever,Malignant Fever,all
Malignant Fever,Malignant Fever,Malignant Fever,all
malignant.neoplasm.of.lung,Malignant Neoplasm Of Lung,Malignant Neoplasm Of Lung,all
malignant.neoplasm.of.stomach,Malignant Neoplasm Of Stomach,Malignant Neoplasm Of Stomach,all
manslaughter,Manslaughter,Manslaughter,all
Manslaughter,Manslaughter,Manslaughter,all
meagrome,Meagrome,Megrim,all
Meagrome,Meagrome,Megrim,all
measles,Measles,Measles,Zymotic Diseases
Measles,Measles,Measles,Zymotic Diseases
megrim,Megrim,Megrim,all
Megrim,Megrim,Megrim,all
Megrome,Megrome,Megrim,all
melancholy,Melancholy,Melancholy,all
Melancholy,Melancholy,Melancholy,all
meningococcal.infections,Meningococcal Infections,Meningococcal Infections,all
meningococcal.meningitis,Meningococcal Meningitis,Meningococcal Meningitis,all
metria,Metria,Metria,Zymotic Diseases
metria.or.perpetual.fever,Metria Or Perpetual Fever,Metria Or Perpetual Fever,Zymotic Diseases
metria.or.puerperal.fever,Metria Or Puerperal Fever,Metria Or Puerperal Fever,Zymotic Diseases
metria-or.perpetual.fever,Metria-Or Perpetual Fever,Metria Or Perpetual Fever,Zymotic Diseases
miscarriage,Miscarriage,Miscarriage,all
Miscarriage,Miscarriage,Miscarriage,all
mortally.hurt,Mortally Hurt,Mortally Hurt,all
Mortifiation,Mortifiation,Mortification,all
mortification,Mortification,Mortification,all
Mortification,Mortification,Mortification,all
Mortification and Gangrene,Mortification And Gangrene,Mortification And Gangrene,all
mother,Mother,Mother,all
Mother,Mother,Mother,all
motor.vehicle.accidents,Motor Vehicle Accidents,Motor Vehicle Accidents,all
Mould-shot,Mould-Shot,Mould-Shot,all
mouldfallen,Mouldfallen,Mouldfallen,all
Mouldfallen,Mouldfallen,Mouldfallen,all
murder.and.manslaughter,Murder And Manslaughter,Murder And Manslaughter,all
murdered,Murdered,Murdered,all
Murdered [...],Murdered,Murdered,all
myocardial.degeneration,Myocardial Degeneration,Myocardial Degeneration,all
neglect,Neglect,Neglect,Violence Privation Cold And Intemperance
nephria,Nephria,Nephria,Diseases Of The Kidneys Etc
nephria.or.brights.disease,Nephria Or Brights Disease,Nephria Or Brights Disease,Diseases Of The Kidneys Etc
nephritis,Nephritis,Nephritis,Diseases Of The Kidneys Etc
nephritis.and.nephrosis,Nephritis And Nephrosis,Nephritis And Nephrosis,all
noli.me.tangere,Noli Me Tangere,Noli Me Tangere,all
Noli me tangere,Noli Me Tangere,Noli Me Tangere,all
noma,Noma,Noma,Zymotic Diseases
noma.or.canker,Noma Or Canker,Noma Or Canker,Zymotic Diseases
noma-or.canker,Noma-Or Canker,Noma Or Canker,Zymotic Diseases
non-meningococcal.meningitis,Non-Meningococcal Meningitis,Non-Meningococcal Meningitis,all
Numb palsy,Numb Palsy,Numb Palsy,all
numbpalsie,Numbpalsie,Numb Palsy,all
Numbpalsie,Numbpalsie,Numb Palsy,all
old.age,Old Age,Aged,all
Old Age and Debility,Old Age And Debility,Age And Debility,all
old.age.or.natural.decay,Old Age Or Natural Decay,Aged,all
organic.disease.of.hearts,Organic Disease Of Hearts,Organic Disease Of Hearts,all
Ossifiation of the Heart,Ossifiation Of The Heart,Ossification Of The Heart,all
ossification.of.the.heart,Ossification Of The Heart,Ossification Of The Heart,all
Ossification of the Heart,Ossification Of The Heart,Ossification Of The Heart,all
other.abortion,Other Abortion,Other Abortion,all
other.accidents.homocide.and.war.operations,Other Accidents Homocide And War Operations,Other Accidents Homocide And War Operations,all
other.causes.incident.to.childbirth,Other Causes Incident To Childbirth,Other Causes Incident To Childbirth,all
other.causes.of.incident.to.childbirth,Other Causes Of Incident To Childbirth,Other Causes Of Incident To Childbirth,all
other.chronic.endocarditis,Other Chronic Endocarditis,Other Chronic Endocarditis,all
other.complications.of.pregnancy.or.childbirth,Other Complications Of Pregnancy Or Childbirth,Other Complications Of Pregnancy Or Childbirth,all
other.deaths.by.violence,Other Deaths By Violence,Other Deaths By Violence,all
other.defined.causes,Other Defined Causes,Other Defined Causes,all
other.disease.of.circulatory.system,Other Disease Of Circulatory System,Other Diseases Of Circulatory System,all
other disease of circulatory system,Other Disease Of Circulatory System,Other Diseases Of Circulatory System,all
other.disease.of.nervous.system,Other Disease Of Nervous System,Other Diseases Of Nervous System,all
other disease of nervous system,Other Disease Of Nervous System,Other Diseases Of Nervous System,all
other.disease.of.respiratory.system,Other Disease Of Respiratory System,Other Diseases Of Respiratory System,all
other disease of the heart,Other Disease Of The Heart,Other Diseases Of The Heart,all
other.diseases.and.ill.defined.causes,Other Diseases And Ill Defined Causes,Other Diseases And Ill Defined Causes,all
other.diseases.of.circulatory.system,Other Diseases Of Circulatory System,Other Diseases Of Circulatory System,all
other.diseases.of.digestive.system,Other Diseases Of Digestive System,Other Diseases Of Digestive System,all
other.diseases.of.early.infancy,Other Diseases Of Early Infancy,Other Diseases Of Early Infancy,all
other.diseases.of.genito.urinary.system,Other Diseases Of Genito Urinary System,Other Diseases Of Genito Urinary System,all
other.diseases.of.genito-urinary.system,Other Diseases Of Genito-Urinary System,Other Diseases Of Genito-Urinary System,all
other.diseases.of.heart,Other Diseases Of Heart,Other Diseases Of Heart,all
other.diseases.of.liver,Other Diseases Of Liver,Other Diseases Of Liver,all
other.diseases.of.nervous.system,Other Diseases Of Nervous System,Other Diseases Of Nervous System,all
other.diseases.of.respiratory.system,Other Diseases Of Respiratory System,Other Diseases Of Respiratory System,all
other.diseases.of.the.circulatory.system,Other Diseases Of The Circulatory System,Other Diseases Of The Circulatory System,all
other.diseases.of.the.digestive.system,Other Diseases Of The Digestive System,Other Diseases Of The Digestive System,all
other.diseases.of.the.gentiourinary.sytem,Other Diseases Of The Gentiourinary Sytem,Other Diseases Of The Gentiourinary Sytem,all
other.diseases.of.the.nervous.system,Other Diseases Of The Nervous System,Other Diseases Of The Nervous System,all
other.diseases.of.the.respiratory.system,Other Diseases Of The Respiratory System,Other Diseases Of The Respiratory System,all
other.epidemic.disease,Other Epidemic Disease,Other Epidemic Diseases,all
other.general.disease,Other General Disease,Other General Diseases,all
other.infections.of.newborn,Other Infections Of Newborn,Other Infections Of Newborn,all
other.infective.and.parasitic.diseases,Other Infective And Parasitic Diseases,Other Infective And Parasitic Diseases,all
other.infective.diseases,Other Infective Diseases,Other Infective Diseases,all
other.malformations,Other Malformations,Other Malformations,all
other.malignant.and.lymphatic.neoplasms,Other Malignant And Lymphatic Neoplasms,Other Malignant And Lymphatic Neoplasms,all
other.maternal.causes,Other Maternal Causes,Other Maternal Causes,all
other.myocardial.degeneration,Other Myocardial Degeneration,Other Myocardial Degeneration,all
other.puerperal.causes,Other Puerperal Causes,Other Puerperal Causes,all
other.road.traffic.accidents,Other Road Traffic Accidents,Other Road Traffic Accidents,all
other.specified.causes,Other Specified Causes,Other Specified Causes,all
other.tuberculosis,Other Tuberculosis,Other Tuberculosis,Tubercular Diseases
other.violence,Other Violence,Other Violence,Violence Privation Cold And Intemperance
other.violent.causes,Other Violent Causes,Other Violent Causes,all
other zymotic disease,Other Zymotic Disease,Other Zymotic Diseases,all
other.zymotic.diseases,Other Zymotic Diseases,Other Zymotic Diseases,all
ovarian.disease,Ovarian Disease,Ovarian Disease,all
ovarian.dropsy,Ovarian Dropsy,Ovarian Dropsy,Childbirth Diseases Of The Uterus Etc
Over joy,Over Joy,Over Joy,all
overflowing.of.the.gall,Overflowing Of The Gall,Overflowing Of The Gall,all
Overflowing of the Gall,Overflowing Of The Gall,Overflowing Of The Gall,all
Overgrown head,Overgrown Head,Overgrown Head,all
overlaid,Overlaid,Overlaid,all
Overlaid,Overlaid,Overlaid,all
Overstraining,Overstraining,Overstraining,all
Pain in the head,Pain In The Head,Pain In The Head,all
pain.in.the.limbs,Pain In The Limbs,Pain In The Limbs,all
Pain in the limbs,Pain In The Limbs,Pain In The Limbs,all
pain.in.the.side,Pain In The Side,Pain In The Side,all
Pain in the side,Pain In The Side,Pain In The Side,all
Pain in the stomach,Pain In The Stomach,Pain In The Stomach,all
paini.n.the.head,Paini N The Head,Paini N The Head,all
palpitation.of.the.heart,Palpitation Of The Heart,Palpitation Of The Heart,all
Palpitation of the Heart,Palpitation Of The Heart,Palpitation Of The Heart,all
palsie,Palsie,Palsy,all
Palsie,Palsie,Palsy,all
Palsy,Palsy,Palsy,all
pancreas.disease,Pancreas Disease,Pancreas Disease,all
pancreas.disease.&.c,Pancreas Disease & C,Pancreas Disease,all
pancreas.disease.other,Pancreas Disease Other,Pancreas Disease Other,all
pancrease.disease,Pancrease Disease,Pancreas Disease,all
paralysis,Paralysis,Paralysis,Diseases Of The Brain Spinal Marrow Nerves And Senses
Paralysis,Paralysis,Paralysis,Diseases Of The Brain Spinal Marrow Nerves And Senses
paralysis.without.specified.cause,Paralysis Without Specified Cause,Paralysis,Diseases Of The Brain Spinal Marrow Nerves And Senses
paralytic,Paralytic,Paralysis,Diseases Of The Brain Spinal Marrow Nerves And Senses
Paralytic,Paralytic,Paralysis,Diseases Of The Brain Spinal Marrow Nerves And Senses
paramenia,Paramenia,Paramenia,Childbirth Diseases Of The Uterus Etc
parting.in.the.heart,Parting In The Heart,Parting In The Heart,all
Parting of the Heart,Parting Of The Heart,Parting In The Heart,all
peptic.ulcer,Peptic Ulcer,Peptic Ulcer,all
pericarditis,Pericarditis,Pericarditis,Diseases Of The Heart And Blood Vessels
pericaritis,Pericaritis,Pericarditis,Diseases Of The Heart And Blood Vessels
peritonitis,Peritonitis,Peritonitis,Diseases Of The Stomach Liver And Other Organs Of Digestion
phlegmon,Phlegmon,Phlegmon,Diseases Of The Skin Cellular Tissue Etc
phthisis,Phthisis,Phthisis,Consumption
phthisis.or.consumption,Phthisis Or Consumption,Phthisis Or Consumption,Consumption
piles,Piles,Piles,all
Piles,Piles,Piles,all
plague,Plague,Plague,all
Plague,Plague,Plague,all
plague.in.the.guts,Plague In The Guts,Plague In The Guts,Plague
Plague in the guts,Plague In The Guts,Plague In The Guts,Plague
Planet-struck,Planet-Struck,Planet-Struck,all
plannet,Plannet,Planet-Struck,all
Plannet,Plannet,Planet-Struck,all
Pleurisie,Pleurisie,Pleurisy,Diseases Of The Lungs And Of The Other Organs Of Respiration
pleurisy,Pleurisy,Pleurisy,Diseases Of The Lungs And Of The Other Organs Of Respiration
Pleurisy,Pleurisy,Pleurisy,Diseases Of The Lungs And Of The Other Organs Of Respiration
Plurisie,Plurisie,Pleurisy,Diseases Of The Lungs And Of The Other Organs Of Respiration
pneumonia,Pneumonia,Pneumonia,Diseases Of The Lungs And Of The Other Organs Of Respiration
pneumonia.all.forms,Pneumonia All Forms,Pneumonia,Diseases Of The Lungs And Of The Other Organs Of Respiration
pneumonia.broncho,Pneumonia Broncho,Pneumonia Broncho,Pneumonia
pneumonia.epidemic,Pneumonia Epidemic,Pneumonia Epidemic,Pneumonia
pneumonia.lobar,Pneumonia Lobar,Pneumonia Lobar,Pneumonia
pneumonia.not.defined,Pneumonia Not Defined,Pneumonia Not Defined,Pneumonia
pneumonia.type.not.distinguished,Pneumonia Type Not Distinguished,Pneumonia Type Not Distinguished,Pneumonia
poison,Poison,Poisoned,Violence Privation Cold And Intemperance
poisoned,Poisoned,Poisoned,Violence Privation Cold And Intemperance
Poisoned,Poisoned,Poisoned,Violence Privation Cold And Intemperance
Poisoned [...],Poisoned,Poisoned,Violence Privation Cold And Intemperance
Pollypuss [...],Pollypuss,Polypus,all
Polypus [...],Polypus,Polypus,all
polypuss.,Polypuss,Polypus,all
pox,Pox,Pox,all
Pox,Pox,Pox,all
premature.birth,Premature Birth,Premature Birth,Premature Birth and Debility
premature.debility,Premature Debility,Premature Debility,Premature Birth and Debility
prematurity,Prematurity,Prematurity,Premature Birth and Debility
pressed.and.trood.to.death,Pressed And Trood To Death,Pressed And Trood To Death,all
privation,Privation,Privation,all
privation.of.food,Privation Of Food,Privation Of Food,Violence Privation Cold And Intemperance
puerperal.fever.(metria),Puerperal Fever (Metria),Puerperal Fever Or Metria,all
puerperal.fever.or.metri,Puerperal Fever Or Metri,Puerperal Fever Or Metri,all
puerperal.sepsis,Puerperal Sepsis,Puerperal Sepsis,all
pulmonary.congestion.pulmonary.apoplexy,Pulmonary Congestion Pulmonary Apoplexy,Pulmonary Congestion Pulmonary Apoplexy,all
pulmonary.tuberculosis,Pulmonary Tuberculosis,Pulmonary Tuberculosis,Tubercular Diseases
pulmonary tuberculosis,Pulmonary Tuberculosis,Pulmonary Tuberculosis,Tubercular Diseases
purples,Purples,Purples,all
Purples,Purples,Purples,all
purpura.and.scruvy,Purpura And Scruvy,Purpura And Scruvy,Zymotic Diseases
purpura.and.scurvy,Purpura And Scurvy,Purpura And Scurvy,Zymotic Diseases
purpura.and.scurvy.,Purpura And Scurvy,Purpura And Scurvy,Zymotic Diseases
purulent.infection.and.septicaemia,Purulent Infection And Septicaemia,Purulent Infection And Septicaemia,all
putrefaction,Putrefaction,Putrefaction,all
Putrefaction,Putrefaction,Putrefaction,all
Putrifiation,Putrifiation,Putrification,all
pyamia.and.septicamia,Pyamia And Septicamia,Pyamia And Septicamia,all
pyelitis.and.diseases.of.the.bladder,Pyelitis And Diseases Of The Bladder,Pyelitis And Diseases Of The Bladder,all
Pyles,Pyles,Pyles,all
pyrexia,Pyrexia,Pyrexia,all
quinsey,Quinsey,Quinsy,Diseases Of The Stomach Liver And Other Organs Of Digestion
quinsie,Quinsie,Quinsy,Diseases Of The Stomach Liver And Other Organs Of Digestion
Quinsie,Quinsie,Quinsy,Diseases Of The Stomach Liver And Other Organs Of Digestion
Quinsie and Rash,Quinsie And Rash,Quinsy And Rash,all
quinsy,Quinsy,Quinsy,Diseases Of The Stomach Liver And Other Organs Of Digestion
Quinsy,Quinsy,Quinsy,Diseases Of The Stomach Liver And Other Organs Of Digestion
Quinsy and Rash,Quinsy And Rash,Quinsy And Rash,all
rabies.hydrophobia,Rabies Hydrophobia,Rabies Hydrophobia,Hydrophobia
rasa,Rasa,Rash,all
Rash,Rash,Rash,all
remittent.fever,Remittent Fever,Remittent Fever,Zymotic Diseases
Reumatism,Reumatism,Rheumatism,Rheumatism Diseases Of The Bones Joints Etc
rheumatic.fever,Rheumatic Fever,Rheumatic Fever,Zymotic Diseases
rheumatism,Rheumatism,Rheumatism,Rheumatism Diseases Of The Bones Joints Etc
Rheumatism,Rheumatism,Rheumatism,Rheumatism Diseases Of The Bones Joints Etc
Rhumatism,Rhumatism,Rheumatism,Rheumatism Diseases Of The Bones Joints Etc
rickets,Rickets,Rickets,all
Rickets,Rickets,Rickets,all
rising.of.the.lights,Rising Of The Lights,Rising Of The Lights,all
Rising of the Lights,Rising Of The Lights,Rising Of The Lights,all
road.traffic.accidents,Road Traffic Accidents,Road Traffic Accidents,all
running.of.the.reines,Running Of The Reines,Running Of The Reins,all
Running of the Reines,Running Of The Reines,Running Of The Reins,all
Running of the Reins,Running Of The Reins,Running Of The Reins,all
rupture,Rupture,Rupture,all
Rupture,Rupture,Rupture,all
Salivation,Salivation,Salivation,all
scald.head,Scald Head,Scald-Head,all
Scald head,Scald Head,Scald-Head,all
Scald-head,Scald-Head,Scald-Head,all
scalded,Scalded,Scalded,all
Scalded [...],Scalded,Scalded,all
scalet.fever,Scalet Fever,Scarlet Fever,Zymotic Diseases
scarlatina,Scarlatina,Scarlatina,Scarlet Fever
Scarlatina,Scarlatina,Scarlatina,Scarlet Fever
Scarlet Feaver,Scarlet Feaver,Scarlet Fever,Zymotic Diseases
scarlet.fever,Scarlet Fever,Scarlet Fever,Zymotic Diseases
Scarlet Fever,Scarlet Fever,Scarlet Fever,Zymotic Diseases
scarlet.fever.(scarlatina),Scarlet Fever (Scarlatina),Scarlet Fever Or Scarlatina,Scarlet Fever
scarlet.fever.and.streptococcal.sore.throat,Scarlet Fever And Streptococcal Sore Throat,Scarlet Fever And Streptococcal Sore Throat,Scarlet Fever
scarlet.fever.or.scarlatina,Scarlet Fever Or Scarlatina,Scarlet Fever Or Scarlatina,Scarlet Fever
sciatia,Sciatia,Sciatica,all
Sciatica,Sciatica,Sciatica,all
scorfula,Scorfula,Scorfula,all
scowring,Scowring,Scowring,all
Scowring,Scowring,Scowring,all
scrofua,Scrofua,Scrofula,all
scrofula,Scrofula,Scrofula,all
Scrofula,Scrofula,Scrofula,all
scrophula,Scrophula,Scrofula,all
Scrophula,Scrophula,Scrofula,all
Scurvy,Scurvy,Scurvy,all
self.killed,Self Killed,Self Killed,all
senility.without.psychosis,Senility Without Psychosis,Senility Without Psychosis,all
septic.abortion,Septic Abortion,Septic Abortion,all
shingles,Shingles,Shingles,all
Shingles,Shingles,Shingles,all
shortness.of.breath,Shortness Of Breath,Shortness Of Breath,all
Shortness of breath,Shortness Of Breath,Shortness Of Breath,all
shot,Shot,Shot,all
Shot [...],Shot,Shot,all
simple.cholera,Simple Cholera,Simple Cholera,Cholera
simple.continue.fever,Simple Continue Fever,Simple Continued Fever,all
simple.continued.and.ill.define.fever,Simple Continued And Ill Define Fever,Simple Continued Fever,all
simple.continued.fever,Simple Continued Fever,Simple Continued Fever,all
simple.meningitis,Simple Meningitis,Simple Meningitis,all
simple meningitis,Simple Meningitis,Simple Meningitis,all
skin.disease,Skin Disease,Skin Disease,all
skin.disease.&.c,Skin Disease & C,Skin Disease,all
skin.disease.other,Skin Disease Other,Skin Disease Other,all
slain,Slain,Slain,all
Slain [...],Slain,Slain,all
small.pox,Small Pox,Smallpox,Zymotic Diseases
Small-Pox,Small-Pox,Smallpox,Zymotic Diseases
smallpox,Smallpox,Smallpox,Zymotic Diseases
Smallpox,Smallpox,Smallpox,Zymotic Diseases
smallpox.no.statement,Smallpox No Statement,Smallpox No Statement,Smallpox
smallpox.unvaccinated,Smallpox Unvaccinated,Smallpox Unvaccinated,Smallpox
smallpox.vaccinated,Smallpox Vaccinated,Smallpox Vaccinated,Smallpox
smothered,Smothered,Smothered,all
Smothered,Smothered,Smothered,all
Smothered [...],Smothered,Smothered,all
softening.of.brain,Softening Of Brain,Softening Of Brain,all
Sore Arm,Sore Arm,Sore Arm,all
Sore Arme,Sore Arme,Sore Arm,all
sore.break,Sore Break,Sore Break,all
sore.breast,Sore Breast,Sore Breast,all
Sore Breast,Sore Breast,Sore Breast,all
Sore Brest,Sore Brest,Sore Breast,all
sore.hand,Sore Hand,Sore Hand,all
Sore hand,Sore Hand,Sore Hand,all
sore.head,Sore Head,Sore Head,all
Sore Head,Sore Head,Sore Head,all
sore.leg,Sore Leg,Sore Leg,all
Sore leg,Sore Leg,Sore Leg,all
Sore legge,Sore Legge,Sore Leg,all
sore.mouth,Sore Mouth,Sore Mouth,all
Sore mouth,Sore Mouth,Sore Mouth,all
sore.throat,Sore Throat,Sore Throat,all
Sore throat,Sore Throat,Sore Throat,all
Sore throat and Quinsey,Sore Throat And Quinsey,Sore Throat And Quinsy,all
Sore throat and Quinsy,Sore Throat And Quinsy,Sore Throat And Quinsy,all
sore.throat.or.quinsey,Sore Throat Or Quinsey,Sore Throat And Quinsy,all
"Sore throat, or Quinsey","Sore Throat, Or Quinsey",Sore Throat And Quinsy,all
Sores,Sores,Sores,all
sores.and.ulcers,Sores And Ulcers,Sores And Ulcers,all
Sores and Ulcers,Sores And Ulcers,Sores And Ulcers,all
spasm,Spasm,Spasms,all
Spasm,Spasm,Spasms,all
Spasms,Spasms,Spasms,all
spina.bifida,Spina Bifida,Spina Bifida,all
spinda.bifida,Spinda Bifida,Spina Bifida,all
spitting.blood,Spitting Blood,Spitting Blood,all
Spitting of blood,Spitting Of Blood,Spitting Blood,all
spleen,Spleen,Spleen,all
Spleen,Spleen,Spleen,all
spleen.disease,Spleen Disease,Spleen Disease,all
spleen.disease.,Spleen Disease,Spleen Disease,all
spleen.disease.&.c,Spleen Disease & C,Spleen Disease,all
spleen.disease.other,Spleen Disease Other,Spleen Disease Other,all
Spotted Feaver,Spotted Feaver,Spotted Fever,all
Spotted Feaver and Purples,Spotted Feaver And Purples,Spotted Fever And Purples,all
spotted.fever,Spotted Fever,Spotted Fever,all
Spotted Fever,Spotted Fever,Spotted Fever,all
Spotted Fever and Purples,Spotted Fever And Purples,Spotted Fever And Purples,all
Sprain,Sprain,Sprain,all
st..anthonies.fire,St  Anthonies Fire,St Anthony's Fire,all
St. Anthonies Fire,St  Anthonies Fire,St Anthony's Fire,all
st..vitus.dance,St  Vitus Dance,St Vitus's Dance,all
St. Vitus's Dance,St  Vitus's Dance,St  Vitus's Dance,all
st.anthonies.fire,St Anthonies Fire,St Anthonies Fire,all
St Anthony's Fire,St Anthony's Fire,St Anthony's Fire,all
st.vitus.dance,St Vitus Dance,St Vitus's Dance,all
St Vitus's Dance,St Vitus's Dance,St Vitus's Dance,all
stabbed,Stabbed,Stabbed,all
Stabbed,Stabbed,Stabbed,all
Stabbed [...],Stabbed,Stabbed,all
stabbed.self,Stabbed Self,Stabbed,all
Stagation in the Head,Stagation In The Head,Stagnation In The Head,all
stagnation.in.the.head,Stagnation In The Head,Stagnation In The Head,all
Stagnation in the Head,Stagnation In The Head,Stagnation In The Head,all
stagnation.of.the.blood,Stagnation Of The Blood,Stagnation Of The Blood,all
Stagnation of the Blood,Stagnation Of The Blood,Stagnation Of The Blood,all
starved,Starved,Starved,all
Starved [...],Starved,Starved,all
starved.to.death,Starved To Death,Starved,all
stifled,Stifled,Stifled,all
Stifled,Stifled,Stifled,all
Stifled [...],Stifled,Stifled,all
stilborn,Stilborn,Stillborn,all
Stilborn,Stilborn,Stillborn,all
stillborn,Stillborn,Stillborn,all
Stillborn,Stillborn,Stillborn,all
Stitch,Stitch,Stitch,all
stomach.diease.other,Stomach Diease Other,Stomach Diease,Diseases Of The Stomach Liver And Other Organs Of Digestion
stomach.disease,Stomach Disease,Stomach Disease,Diseases Of The Stomach Liver And Other Organs Of Digestion
stomach.disease.&.c,Stomach Disease & C,Stomach Disease,Diseases Of The Stomach Liver And Other Organs Of Digestion
stomach.disease.&c,Stomach Disease &C,Stomach Disease,Diseases Of The Stomach Liver And Other Organs Of Digestion
stone,Stone,Stone,Diseases Of The Kidneys Etc
Stone,Stone,Stone,Diseases Of The Kidneys Etc
Stone and Gravel,Stone And Gravel,Stone And Gravel,all
Stone colic,Stone Colic,Stone Colic,all
stone.colick,Stone Colick,Stone Colic,all
stone.colick..,Stone Colick,Stone Colic,all
Stone in the Bladder,Stone In The Bladder,Stone In The Bladder,all
Stone-Colick,Stone-Colick,Stone Colic,all
Stoppage,Stoppage,Stoppage,all
Stoppage in the Head,Stoppage In The Head,Stoppage In The Head,all
stoppage.in.the.stomach,Stoppage In The Stomach,Stoppage In The Stomach,all
stoppage.of.the.throat,Stoppage Of The Throat,Stoppage Of The Throat,all
Stoppage of the throat,Stoppage Of The Throat,Stoppage Of The Throat,all
Stoppage of Urin,Stoppage Of Urin,Stoppage Of Urine,all
stoppage.of.urine,Stoppage Of Urine,Stoppage Of Urine,all
Stoppage of Urine,Stoppage Of Urine,Stoppage Of Urine,all
stopping.of.the.stomach,Stopping Of The Stomach,Stopping Of The Stomach,all
Stopping of the stomach,Stopping Of The Stomach,Stopping Of The Stomach,all
strained,Strained,Strained,all
Strained,Strained,Strained,all
Strangled [...],Strangled,Strangled,all
strangled.self,Strangled Self,Strangled Self,all
strangury,Strangury,Strangury,all
Strangury,Strangury,Strangury,all
stricture,Stricture,Stricture,all
Stricture,Stricture,Stricture,all
stricture.of.intenstinnal.canal,Stricture Of Intenstinnal Canal,Stricture Of Intestinal Canal,Diseases Of The Stomach Liver And Other Organs Of Digestion
stricture.of.intestinal.canal,Stricture Of Intestinal Canal,Stricture Of Intestinal Canal,Diseases Of The Stomach Liver And Other Organs Of Digestion
stricture.of.intestines,Stricture Of Intestines,Stricture Of Intestines,Diseases Of The Stomach Liver And Other Organs Of Digestion
stricture.of.uethra,Stricture Of Uethra,Stricture Of Urethra,Diseases Of The Kidneys Etc
stricture.of.urethra,Stricture Of Urethra,Stricture Of Urethra,all
stricture.of.urethra.,Stricture Of Urethra,Stricture Of Urethra,all
strongulli.on,Strongulli On,Strongullion,all
strongullion,Strongullion,Strongullion,all
Strongullion,Strongullion,Strongullion,all
Strumerous Ulceration of the Tongue,Strumerous Ulceration Of The Tongue,Strumerous Ulceration Of The Tongue,all
sudden.deaths,Sudden Deaths,Sudden Deaths,all
sudden.deaths.cause.unascertained,Sudden Deaths Cause Unascertained,Sudden Deaths Not Classed,all
sudden.deaths.causes.unascertained,Sudden Deaths Causes Unascertained,Sudden Deaths Not Classed,all
sudden.deaths.not.classed,Sudden Deaths Not Classed,Sudden Deaths Not Classed,all
suddenly,Suddenly,Suddenly,all
Suddenly,Suddenly,Suddenly,all
suffocated,Suffocated,Suffocated,all
Suffocated [...],Suffocated,Suffocated,all
suffocated.with.charcoal,Suffocated With Charcoal,Suffocated With Charcoal,all
suffocation.in.bed,Suffocation In Bed,Suffocation In Bed,all
Suffocation of the Blood,Suffocation Of The Blood,Suffocation Of The Blood,all
suicide,Suicide,Suicide,all
suicide.cut.own.throat,Suicide Cut Own Throat,Suicide Cut Own Throat,all
suicide.drowning,Suicide Drowning,Suicide Drowning,all
suicide.hanged,Suicide Hanged,Suicide Hanged,all
suicide.hanged...,Suicide Hanged,Suicide Hanged,all
suicide.hanging,Suicide Hanging,Suicide Hanged,all
suicide.jumped.off.roof.or.window,Suicide Jumped Off Roof Or Window,Suicide Jumped Off Roof Or Window,all
suicide.otherwise,Suicide Otherwise,Suicide Otherwise,all
suicide.poison,Suicide Poison,Suicide Poisoned,all
suicide.poisoned,Suicide Poisoned,Suicide Poisoned,all
suicide.shot.self,Suicide Shot Self,Suicide Shot Self,all
suicide.stabbed.self,Suicide Stabbed Self,Suicide Stabbed Self,all
suicide.stabbed.self..,Suicide Stabbed Self,Suicide Stabbed Self,all
suicide.strangled.self,Suicide Strangled Self,Suicide Strangled Self,all
suicide.unspecified,Suicide Unspecified,Suicide Unspecified,all
suicide.wounds.cut.stab,Suicide Wounds Cut Stab,Suicide Wounds Cut Stab,all
suicide.wounds.gunshot,Suicide Wounds Gunshot,Suicide Wounds Gunshot,all
surfeit,Surfeit,Surfeit,all
Surfeit,Surfeit,Surfeit,all
Swelled-knee,Swelled-Knee,Swelling In The Knee,all
Swelled-neck,Swelled-Neck,Swelling In The Neck,all
swelling,Swelling,Swelling,all
Swelling,Swelling,Swelling,all
swelling.in.the.hip,Swelling In The Hip,Swelling In The Hip,all
Swelling in the hip,Swelling In The Hip,Swelling In The Hip,all
swelling.in.the.knee,Swelling In The Knee,Swelling In The Knee,all
Swelling in the knee,Swelling In The Knee,Swelling In The Knee,all
Swelling in the neck,Swelling In The Neck,Swelling In The Neck,all
Swelling in the Neck,Swelling In The Neck,Swelling In The Neck,all
swelling.in.the.throat,Swelling In The Throat,Swelling In The Throat,all
Swelling in the throat,Swelling In The Throat,Swelling In The Throat,all
Swelling in the Throat,Swelling In The Throat,Swelling In The Throat,all
swine.pox,Swine Pox,Swine Pox,all
Swine pox,Swine Pox,Swine Pox,all
Swine-pox,Swine-Pox,Swine Pox,all
synovitis.arthritis,Synovitis Arthritis,Synovitis Or Arthritis,all
synovitis.or.arthritis,Synovitis Or Arthritis,Synovitis Or Arthritis,all
syphilis,Syphilis,Syphilis,Zymotic Diseases
syphilis.and.its.sequelae,Syphilis And Its Sequelae,Syphilis And Its Sequelae,all
syphilitic.disease,Syphilitic Disease,Syphilitic Disease,all
tabes.mesenterica,Tabes Mesenterica,Tabes Mesenterica,all
tabesmesenterica,Tabesmesenterica,Tabes Mesenterica,all
teeth,Teeth,Teething,Diseases Of The Stomach Liver And Other Organs Of Digestion
Teeth,Teeth,Teething,Diseases Of The Stomach Liver And Other Organs Of Digestion
teething,Teething,Teething,Diseases Of The Stomach Liver And Other Organs Of Digestion
Teething,Teething,Teething,Diseases Of The Stomach Liver And Other Organs Of Digestion
tetanus,Tetanus,Tetanus,Diseases Of The Brain Spinal Marrow Nerves And Senses
Tetter,Tetter,Tetter,all
threw.self.out.window,Threw Self Out Window,Threw Self Out Window,all
thrush,Thrush,Thrush,Zymotic Diseases
Thrush,Thrush,Thrush,Zymotic Diseases
Thrush and Canker,Thrush And Canker,Thrush And Canker,all
timpany,Timpany,Timpany,all
Timpany,Timpany,Timpany,all
tissick,Tissick,Tissick,all
Tissick,Tissick,Tissick,all
tooth.ach,Tooth Ach,Tooth Ache,Diseases Of The Stomach Liver And Other Organs Of Digestion
Tooth Ach,Tooth Ach,Tooth Ache,Diseases Of The Stomach Liver And Other Organs Of Digestion
tooth.ache,Tooth Ache,Tooth Ache,Diseases Of The Stomach Liver And Other Organs Of Digestion
Tooth Ache,Tooth Ache,Tooth Ache,Diseases Of The Stomach Liver And Other Organs Of Digestion
tuberculosis.intestines.and.peritoneum,Tuberculosis Intestines And Peritoneum,Tuberculosis Intestines And Peritoneum,Tubercular Diseases
tuberculosis.meningitis,Tuberculosis Meningitis,Tuberculosis Meningitis,Tubercular Diseases
tuberculosis meningitis,Tuberculosis Meningitis,Tuberculosis Meningitis,Tubercular Diseases
tuberculosis.nervous.system,Tuberculosis Nervous System,Tuberculosis Nervous System,Tubercular Diseases
tuberculosis.of.other.organs,Tuberculosis Of Other Organs,Tuberculosis Of Other Organs,Tubercular Diseases
tuberculosis.of.respiratory.ststem,Tuberculosis Of Respiratory Ststem,Tuberculosis Of Respiratory Ststem,Tubercular Diseases
tuberculosis.of.respiratory.system,Tuberculosis Of Respiratory System,Tuberculosis Of Respiratory System,Tubercular Diseases
tuberculosis.of.the.joints,Tuberculosis Of The Joints,Tuberculosis Of The Joints,Tubercular Diseases
tuberculosis.of.the.spine,Tuberculosis Of The Spine,Tuberculosis Of The Spine,Tubercular Diseases
tuberculosis.other.forms,Tuberculosis Other Forms,Tuberculosis Other Forms,Tubercular Diseases
tuberculosis.respiratory.system,Tuberculosis Respiratory System,Tuberculosis Respiratory System,Tubercular Diseases
tuberculous.disease.other,Tuberculous Disease Other,Tuberculous Disease Other,Tubercular Diseases
tuberculous.meningitis,Tuberculous Meningitis,Tuberculous Meningitis,Tubercular Diseases
tuberculous.peritonitis,Tuberculous Peritonitis,Tuberculous Peritonitis,Tubercular Diseases
tuberculous.phthisis,Tuberculous Phthisis,Tuberculous Phthisis,Tubercular Diseases
tumor.of.the.womb,Tumor Of The Womb,Tumor Of The Womb,all
tumour,Tumour,Tumor,all
Tumour,Tumour,Tumor,all
Tumour of the Womb,Tumour Of The Womb,Tumor Of The Womb,all
tumour.situation.undefined,Tumour Situation Undefined,Tumor,all
twisting.in.the.guts,Twisting In The Guts,Twisting Of The Gut,all
Twisting of the gut,Twisting Of The Gut,Twisting Of The Gut,all
Tympany,Tympany,Tympany,all
typhoid.and.paratyphoid.fever,Typhoid And Paratyphoid Fever,Typhoid And Paratyphoid Fever,all
typhoid.and.paratyphoid.fevers,Typhoid And Paratyphoid Fevers,Typhoid And Paratyphoid Fevers,all
typhoid.fever,Typhoid Fever,Typhoid Fever,all
typhus,Typhus,Typhus Fever,Zymotic Diseases
typhus.and.enteric.fever.and.simple.continued.fever,Typhus And Enteric Fever And Simple Continued Fever,Typhus And Enteric Fever And Simple Continued Fever,all
typhus.and.infantile.fever,Typhus And Infantile Fever,Typhus And Infantile Fever,all
typhus and infantile fever,Typhus And Infantile Fever,Typhus And Infantile Fever,all
Typhus Fever,Typhus Fever,Typhus Fever,Zymotic Diseases
typus.fever,Typus Fever,Typhus Fever,Zymotic Diseases
ulcer,Ulcer,Ulcer,all
Ulcer,Ulcer,Ulcer,all
Ulcer [...],Ulcer,Ulcer,all
Ulcer in the Lungs,Ulcer In The Lungs,Ulcer In The Lungs,all
ulcer.of.stomach.and.duodenum,Ulcer Of Stomach And Duodenum,Ulcer Of Stomach And Duodenum,all
ulcer.of.the.stomach.and.duodenum,Ulcer Of The Stomach And Duodenum,Ulcer Of The Stomach And Duodenum,all
ulceration.of.intestines,Ulceration Of Intestines,Ulceration Of Intestines,Diseases Of The Stomach Liver And Other Organs Of Digestion
ulceration.of.the.intestines,Ulceration Of The Intestines,Ulceration Of Intestines,Diseases Of The Stomach Liver And Other Organs Of Digestion
ulsers,Ulsers,Ulcer,all
unknown,Unknown,Unknown,all
Unknown,Unknown,Unknown,all
uterus.disease,Uterus Disease,Uterus Disease,all
uterus.disease.&.c,Uterus Disease & C,Uterus Disease,all
uterus.disease.other,Uterus Disease Other,Uterus Disease Other,all
vapours,Vapours,Vapours,all
Vapours,Vapours,Vapours,all
vascular.lesions.of.central.nervous.system,Vascular Lesions Of Central Nervous System,Vascular Lesions Of Central Nervous System,all
vasitation.of.god,Vasitation Of God,Vasitation Of God,all
vehicles.and.horses,Vehicles And Horses,Vehicles And Horses,all
veneeral.diseases,Veneeral Diseases,Veneeral Diseases,all
veneral.disease,Veneral Disease,Venereal Diseases,all
venereal,Venereal,Venereal Diseases,all
Venereal,Venereal,Venereal Diseases,all
venereal.diseases,Venereal Diseases,Venereal Diseases,all
vertigo,Vertigo,Vertigo,all
Vertigo,Vertigo,Vertigo,all
Vertigoe,Vertigoe,Vertigo,all
violent.deaths.not.classed,Violent Deaths Not Classed,Violent Deaths Not Classed,all
violent.deaths.not.classified,Violent Deaths Not Classified,Violent Deaths Not Classed,all
violent.hands.on.self,Violent Hands On Self,Violent Hands On Self,all
Visitation of God,Visitation Of God,Visitation Of God,all
vomiting,Vomiting,Vomiting,all
Vomiting,Vomiting,Vomiting,all
Vomiting and Looseness,Vomiting And Looseness,Vomiting And Looseness,all
Vomiting Blood,Vomiting Blood,Vomiting Blood,all
Vven,Vven,Wen,all
want.of.breast.milk,Want Of Breast Milk,Want Of Breast Milk,Violence Privation Cold And Intemperance
water.in.the.chest,Water In The Chest,Water In The Chest,all
Water in the chest,Water In The Chest,Water In The Chest,all
water.in.the.head,Water In The Head,Water In The Head,all
Water in the head,Water In The Head,Water In The Head,all
Wen,Wen,Wen,all
Wen in the Throat,Wen In The Throat,Wen In The Throat,all
wenn,Wenn,Wen,all
Wenn,Wenn,Wen,all
Wenne,Wenne,Wen,all
White Flux,White Flux,White Flux,all
White Hives,White Hives,White Hives,all
white.ives,White Ives,White Hives,all
White Ives,White Ives,White Hives,all
white.swelling,White Swelling,White Swelling,all
White Swelling,White Swelling,White Swelling,all
whooping.cough,Whooping Cough,Whooping Cough,Zymotic Diseases
Whooping Cough,Whooping Cough,Whooping Cough,Zymotic Diseases
wind,Wind,Wind,all
Wind,Wind,Wind,all
Winde,Winde,Wind,all
Wolf,Wolf,Wolf,all
woolfe,Woolfe,Wolf,all
Woolfe,Woolfe,Wolf,all
Wormes,Wormes,Worms,all
worms,Worms,Worms,all
Worms,Worms,Worms,all
worms.and.other.parasitical.diseases,Worms And Other Parasitical Diseases,Worms And Other Parasitical Diseases,all
wounded,Wounded,Wounded,Violence Privation Cold And Intemperance
Wounded [...],Wounded,Wounded,Violence Privation Cold And Intemperance
wounds,Wounds,Wounded,Violence Privation Cold And Intemperance
[Suicide],[Suicide],[Suicide],all
all,NA,all,
specified.causes,NA,Specified Causes,all
zymotic.diseases,Zymotic Diseases,Zymotic Diseases,all
dropsy.cancer.and.other.diseases.of.uncertain.or.variable.seat,Dropsy Cancer And Other Diseases Of Uncertain Or Variable Seat,Dropsy Cancer And Other Diseases Of Uncertain Or Variable Seat,all
tubercular.diseases,Tubercular Diseases,Tubercular Diseases,all
diseases.of.the.brain.spinal.marrow.nerves.and.senses,Diseases Of The Brain Spinal Marrow Nerves And Senses,Diseases Of The Brain Spinal Marrow Nerves And Senses,all
diseases.of.the.heart.and.blood.vessels,Diseases Of The Heart And Blood Vessels,Diseases Of The Heart And Blood Vessels,all
diseases.of.the.lungs.and.of.the.other.organs.of.respiration,Diseases Of The Lungs And Of The Other Organs Of Respiration,Diseases Of The Lungs And Of The Other Organs Of Respiration,all
diseases.of.the.stomach.liver.and.other.organs.of.digestion,Diseases Of The Stomach Liver And Other Organs Of Digestion,Diseases Of The Stomach Liver And Other Organs Of Digestion,all
diseases.of.the.kidneys.etc,Diseases Of The Kidneys Etc,Diseases Of The Kidneys Etc,all
childbirth.diseases.of.the.uterus.etc,Childbirth Diseases Of The Uterus Etc,Childbirth Diseases Of The Uterus Etc,all
rheumatism.diseases.of.the.bones.joints.etc,Rheumatism Diseases Of The Bones Joints Etc,Rheumatism Diseases Of The Bones Joints Etc,all
diseases.of.the.skin.cellular.tissue.etc,Diseases Of The Skin Cellular Tissue Etc,Diseases Of The Skin Cellular Tissue Etc,all
malformations,,Malformation,all
premature.birth.and.debility,,Premature Birth and Debility,all
sudden,,Sudden,all
violence.privation.cold.and.intemperance,Violence Privation Cold And Intemperance,Violence Privation Cold And Intemperance,all
acm,,all,
premature.birth.,,Premature Birth,Premature Birth and Debility
death.all.causes,,all,
death.specified.causes,,Specified Causes,all
age,,Aged,all
annual.death.all.causes,,all,
annual.death.specified.causes,,Specified Causes,all
annual.deaths,,all,
female.deaths,,all,
males.deaths,,all,
females.death,,all,
males.death,,all,
male.deaths,,all,
buried.female,,all,
buried.male,,all,
buried.total,,all,
total,,all,
,,all,
